R0,R0_c18_r6,R0_c18_r7,R0_c18_r8,R0_c19_r6,R0_c19_r7,R0_c20_r6,R1,R2,R3,R3_c8,R3_c9,R3_c10,R3_c11,R3_c12,R4,R5,R5_c12,R6,R6_c10,R6_c11,R6_c12,R7,R7_r6,R7_r7,R7_r8,R7_r9,R7_r10,R8,R8_r8,R8_r9,R8_r10,R9,R9_c18_r6,R9_c18_r7,R9_c18_r8,R9_c19_r6,R9_c19_r7,R9_c20_r6,R10,R11,R11_c18,R11_c19,R12,R12_c8,R12_c9,R12_c10,R12_c11,R12_c12,R13,R13_c8,R13_c9,R13_c10,R13_c11,R13_c12,R14,R15,R15_c8,R15_c9,R15_c10,R15_c11,R16,R16_c9,R16_c10,R16_c11,R16_c12,R17,R18,R19,R19_c8,R19_c9,R19_c10,R19_c11,R19_c12,R20,R20_c9,R20_c10,R20_c11,R20_c12,R21,R22,R22_c10,R22_c11,R22_c12,R23,R24,R24_c9,R24_c10,R24_c11,R24_c12,R25,R25_c8,R25_c9,R25_c10,R25_c11,R26,R26_c8,R26_c9,R26_c10,R26_c11,R26_c12,R27,R27_c8,R27_c9,R27_c10,R27_c11,R27_c12,R28,R28_c8,R28_c9,R28_c10,R28_c11,R28_c12,R29,R29_c9,R29_c10,R29_c11,R29_c12,R30,R31,R32,R33,R33_c10,R33_c11,R33_c12,R34,R34_c8,R34_c9,R34_c10,R35,R35_r6,R35_r7,R35_r8,R35_r9,R35_r10
,,,,,,,,,,,,,,,,,c,,c,,,,,,,,,,r,,,,,,,,,,,,,,,,,,,,,,,,,,,,,,,,,c,,,,,,,,,,,,,c,,,,,,c,,,,,c,,,,,,,,,,,,,,,,,,,,,,,,,,,,c,,,,,,,,c,,,,,,,,r,,,,
,c,c,c,,,,,,,,,,,,,,,,,c,,,,,,,,,,r,,,c,c,c,,,,,,,,,,,,,,,,,,,,,,,,,,,,c,,,,,,,,,,,,,c,,,,,,c,,,,,c,,,,,,,,,,,,,,,,,,,,,,,,,,,,c,,,,,,,,c,,,,,,,,r,,,
,,,,c,c,,,,,,,,,,,,,,,,c,,,,,,,,,,r,,,,,c,c,,,,,,,,,,,,,c,,,,,,,,,,,,,,c,,,,,,,,,,,,,c,,,,,,c,,,,,c,,,,,,,,,,,,,,,,,,,,,,,,,,,,c,,,,,,,,c,,,,,,,,r,,
,,,,,,c,,,,c,,,,,,,,,,,,,,,,,,,,,,,,,,,,c,,,,,,,,,,,,,c,,,,,,,,,,,,,,c,,,,,,,,,,,,,c,,,,,,,,,,,c,,,,,,,,,,,,,,,,,,,,,,,,,,,,c,,,,,,,,,,,,,,,,r,
,,,,,,,,,,,c,,,,,,,,,,,,r,,,,,,,,,,,,,,,,,,,,,c,,,,,,,,c,,,,,,,,,,,,,,,,,c,,,,,,,,,,,,,,,,,,,,,,,,,,,c,,,,,,c,,,,,,c,,,,,,,,,,,,,,,,,,,,,,,,,,r
,,,,,,,,,,,,c,,,,,,,,,,,,r,,,,,,,,,,,,,,,,,,,,,c,,,,,,,,c,,,,,,,,,,,,,,,,,c,,,,,,,,,,,,,,,,,,,,,,,,,,,c,,,,,,c,,,,,,c,,,,,,,,,,,,,,,,,,,,,,,,,
,,,,,,,,,,,,,c,,,,,,,,,,,,r,,,,,,,,,,,,,,,,,,,,,c,,,,,,,,c,,,c,,,,,,,,,,,,,,c,,,,,,,,,,,,,,,,,,,,c,,,,,,,c,,,,,,c,,,,,,c,,,,,,,,,,,,,,,,,,,,,,,,
,r,,,,,,,,,,,,,c,,,,,,,,,,,,r,,,,,,,r,,,,,,,,,,,,,,c,,,,,,,,,,,c,,,,,,,,,,,,,,c,,,,,,,,,,,,,,,,,,,,c,,,,,,,c,,,,,,c,,,,,,c,,,,,,,,,,,,,,,c,,,,,,,,
,,r,,r,,,,,,,,,,,,,,,,,,,,,,,r,,,,,,,r,,r,,,,,c,,,,,,,c,,,,,,,,,,,c,,,,,,,,,,,,,,c,,,,,,,,,,,,,,,,,,,,c,,,,,,,c,,,,,,c,,,,,,c,,,,,,,,,,,,,,,c,,,,,,,
,,,r,,r,r,,,,,,,,,,,,,,,,,,,,,,,,,,,,,r,,r,r,,,,c,,,,,,,,,,,,,,,,,,c,,c,,,,,,,,,,,,,c,,,,,,,,,,,c,,,,,,,,c,,,,,,,,,,,,,,,,,,,,c,,,,,,,,,,,,,,c,,,,,,
